budget_latency_cycles,budget_bram_18k,activation,hidden_layers,degree,alpha,temperature,fold_id,seed,checkpoint_path,stored_accuracy_percent,recomputed_accuracy_percent,absolute_difference_pp
200,30,bern,[8],3,0.85,2,0,1000,cover_type/student_model_weights/kd_fc_54x8x7_bern_deg3_alpha0.85_T2_lr0.006_wd0.0001_seed1000.pth,75.9351477878,75.9351477878,1.42108547152e-14
200,30,bern,[8],3,0.85,2,1,1001,cover_type/student_model_weights/kd_fc_54x8x7_bern_deg3_alpha0.85_T2_lr0.006_wd0.0001_seed1001.pth,76.1531577015,76.1531577015,0
200,30,bern,[8],3,0.85,2,2,1002,cover_type/student_model_weights/kd_fc_54x8x7_bern_deg3_alpha0.85_T2_lr0.006_wd0.0001_seed1002.pth,76.9838902148,76.9838902148,1.42108547152e-14
200,30,bern,[8],3,0.85,2,3,1003,cover_type/student_model_weights/kd_fc_54x8x7_bern_deg3_alpha0.85_T2_lr0.006_wd0.0001_seed1003.pth,76.6454011382,76.6454011382,1.42108547152e-14
200,30,bern,[8],3,0.85,2,4,1004,cover_type/student_model_weights/kd_fc_54x8x7_bern_deg3_alpha0.85_T2_lr0.006_wd0.0001_seed1004.pth,76.7612906187,76.7612906187,0
200,30,relu,[8],,0.5,4,0,1000,cover_type/student_model_weights/kd_fc_54x8x7_relu_degNA_alpha0.5_T4_lr0.006_wd0.0001_seed1000.pth,74.9678722232,74.9678722232,0
200,30,relu,[8],,0.5,4,1,1001,cover_type/student_model_weights/kd_fc_54x8x7_relu_degNA_alpha0.5_T4_lr0.006_wd0.0001_seed1001.pth,74.9357444465,74.9357444465,1.42108547152e-14
200,30,relu,[8],,0.5,4,2,1002,cover_type/student_model_weights/kd_fc_54x8x7_relu_degNA_alpha0.5_T4_lr0.006_wd0.0001_seed1002.pth,75.0183587296,75.0183587296,1.42108547152e-14
200,30,relu,[8],,0.5,4,3,1003,cover_type/student_model_weights/kd_fc_54x8x7_relu_degNA_alpha0.5_T4_lr0.006_wd0.0001_seed1003.pth,74.8060859189,74.8060859189,0
200,30,relu,[8],,0.5,4,4,1004,cover_type/student_model_weights/kd_fc_54x8x7_relu_degNA_alpha0.5_T4_lr0.006_wd0.0001_seed1004.pth,74.9127960345,74.9127960345,1.42108547152e-14
400,55,bern,[32],3,0.5,2,0,1000,cover_type/student_model_weights/kd_fc_54x32x7_bern_deg3_alpha0.5_T2_lr0.006_wd0.0001_seed1000.pth,83.0147328805,83.0147328805,0
400,55,bern,[32],3,0.5,2,1,1001,cover_type/student_model_weights/kd_fc_54x32x7_bern_deg3_alpha0.5_T2_lr0.006_wd0.0001_seed1001.pth,83.2178263264,83.2178263264,0
400,55,bern,[32],3,0.5,2,2,1002,cover_type/student_model_weights/kd_fc_54x32x7_bern_deg3_alpha0.5_T2_lr0.006_wd0.0001_seed1002.pth,82.7967229668,82.7967229668,0
400,55,bern,[32],3,0.5,2,3,1003,cover_type/student_model_weights/kd_fc_54x32x7_bern_deg3_alpha0.5_T2_lr0.006_wd0.0001_seed1003.pth,82.8632733615,82.8632733615,0
400,55,bern,[32],3,0.5,2,4,1004,cover_type/student_model_weights/kd_fc_54x32x7_bern_deg3_alpha0.5_T2_lr0.006_wd0.0001_seed1004.pth,83.0044060951,83.0044060951,0
400,55,relu,[32],,0,1,0,1000,cover_type/student_model_weights/kd_fc_54x32x7_relu_degNA_alpha0_T1_lr0.006_wd0.0001_seed1000.pth,82.1163025519,82.1163025519,0
400,55,relu,[32],,0,1,1,1001,cover_type/student_model_weights/kd_fc_54x32x7_relu_degNA_alpha0_T1_lr0.006_wd0.0001_seed1001.pth,82.1908848908,82.1908848908,0
400,55,relu,[32],,0,1,2,1002,cover_type/student_model_weights/kd_fc_54x32x7_relu_degNA_alpha0_T1_lr0.006_wd0.0001_seed1002.pth,81.3773636864,81.3773636864,0
400,55,relu,[32],,0,1,3,1003,cover_type/student_model_weights/kd_fc_54x32x7_relu_degNA_alpha0_T1_lr0.006_wd0.0001_seed1003.pth,82.0933541399,82.0933541399,0
400,55,relu,[32],,0,1,4,1004,cover_type/student_model_weights/kd_fc_54x32x7_relu_degNA_alpha0_T1_lr0.006_wd0.0001_seed1004.pth,81.5563612998,81.5563612998,0
1000,120,bern,"[64, 32]",3,0.5,2,0,1000,cover_type/student_model_weights/kd_fc_54x64x32x7_bern_deg3_alpha0.5_T2_lr0.006_wd0.0001_seed1000.pth,91.0719203231,91.0719203231,0
1000,120,bern,"[64, 32]",3,0.5,2,1,1001,cover_type/student_model_weights/kd_fc_54x64x32x7_bern_deg3_alpha0.5_T2_lr0.006_wd0.0001_seed1001.pth,91.1086377823,91.1086377823,0
1000,120,bern,"[64, 32]",3,0.5,2,2,1002,cover_type/student_model_weights/kd_fc_54x64x32x7_bern_deg3_alpha0.5_T2_lr0.006_wd0.0001_seed1002.pth,90.7231044612,90.7242518818,0.00114742059849
1000,120,bern,"[64, 32]",3,0.5,2,3,1003,cover_type/student_model_weights/kd_fc_54x64x32x7_bern_deg3_alpha0.5_T2_lr0.006_wd0.0001_seed1003.pth,91.0581512759,91.0581512759,0
1000,120,bern,"[64, 32]",3,0.5,2,4,1004,cover_type/student_model_weights/kd_fc_54x64x32x7_bern_deg3_alpha0.5_T2_lr0.006_wd0.0001_seed1004.pth,91.4964659446,91.4964659446,0
1000,120,relu,"[64, 32]",,0.5,2,0,1000,cover_type/student_model_weights/kd_fc_54x64x32x7_relu_degNA_alpha0.5_T2_lr0.006_wd0.0001_seed1000.pth,89.2991554984,89.2991554984,0
1000,120,relu,"[64, 32]",,0.5,2,1,1001,cover_type/student_model_weights/kd_fc_54x64x32x7_relu_degNA_alpha0.5_T2_lr0.006_wd0.0001_seed1001.pth,89.1672021296,89.1672021296,0
1000,120,relu,"[64, 32]",,0.5,2,2,1002,cover_type/student_model_weights/kd_fc_54x64x32x7_relu_degNA_alpha0.5_T2_lr0.006_wd0.0001_seed1002.pth,87.7225995961,87.7225995961,0
1000,120,relu,"[64, 32]",,0.5,2,3,1003,cover_type/student_model_weights/kd_fc_54x64x32x7_relu_degNA_alpha0.5_T2_lr0.006_wd0.0001_seed1003.pth,89.9371213512,89.9371213512,0
1000,120,relu,"[64, 32]",,0.5,2,4,1004,cover_type/student_model_weights/kd_fc_54x64x32x7_relu_degNA_alpha0.5_T2_lr0.006_wd0.0001_seed1004.pth,88.7036442078,88.7036442078,0
2500,140,bern,"[128, 64]",5,0,1,0,1000,cover_type/student_model_weights/kd_fc_54x128x64x7_bern_deg5_alpha0_T1_lr0.006_wd0.0001_seed1000.pth,95.0133100789,95.0133100789,0
2500,140,bern,"[128, 64]",5,0,1,1,1001,cover_type/student_model_weights/kd_fc_54x128x64x7_bern_deg5_alpha0_T1_lr0.006_wd0.0001_seed1001.pth,95.090187259,95.090187259,0
2500,140,bern,"[128, 64]",5,0,1,2,1002,cover_type/student_model_weights/kd_fc_54x128x64x7_bern_deg5_alpha0_T1_lr0.006_wd0.0001_seed1002.pth,95.0695336883,95.0695336883,0
2500,140,bern,"[128, 64]",5,0,1,3,1003,cover_type/student_model_weights/kd_fc_54x128x64x7_bern_deg5_alpha0_T1_lr0.006_wd0.0001_seed1003.pth,95.118872774,95.118872774,0
2500,140,bern,"[128, 64]",5,0,1,4,1004,cover_type/student_model_weights/kd_fc_54x128x64x7_bern_deg5_alpha0_T1_lr0.006_wd0.0001_seed1004.pth,94.9800348816,94.9800348816,0
2500,140,relu,"[128, 64]",,0.5,2,0,1000,cover_type/student_model_weights/kd_fc_54x128x64x7_relu_degNA_alpha0.5_T2_lr0.006_wd0.0001_seed1000.pth,93.8131081329,93.8131081329,1.42108547152e-14
2500,140,relu,"[128, 64]",,0.5,2,1,1001,cover_type/student_model_weights/kd_fc_54x128x64x7_relu_degNA_alpha0.5_T2_lr0.006_wd0.0001_seed1001.pth,93.4103635028,93.4103635028,1.42108547152e-14
2500,140,relu,"[128, 64]",,0.5,2,2,1002,cover_type/student_model_weights/kd_fc_54x128x64x7_relu_degNA_alpha0.5_T2_lr0.006_wd0.0001_seed1002.pth,93.4092160822,93.4092160822,1.42108547152e-14
2500,140,relu,"[128, 64]",,0.5,2,3,1003,cover_type/student_model_weights/kd_fc_54x128x64x7_relu_degNA_alpha0.5_T2_lr0.006_wd0.0001_seed1003.pth,93.4195428676,93.4195428676,0
2500,140,relu,"[128, 64]",,0.5,2,4,1004,cover_type/student_model_weights/kd_fc_54x128x64x7_relu_degNA_alpha0.5_T2_lr0.006_wd0.0001_seed1004.pth,93.604277584,93.604277584,0
7500,180,bern,"[256, 128]",5,0.5,2,0,1000,cover_type/student_model_weights/kd_fc_54x256x128x7_bern_deg5_alpha0.5_T2_lr0.006_wd0.0001_seed1000.pth,96.4166054709,96.4166054709,0
7500,180,bern,"[256, 128]",5,0.5,2,1,1001,cover_type/student_model_weights/kd_fc_54x256x128x7_bern_deg5_alpha0.5_T2_lr0.006_wd0.0001_seed1001.pth,96.3810354323,96.3821828529,0.00114742059849
7500,180,bern,"[256, 128]",5,0.5,2,2,1002,cover_type/student_model_weights/kd_fc_54x256x128x7_bern_deg5_alpha0.5_T2_lr0.006_wd0.0001_seed1002.pth,96.4005415825,96.4005415825,0
7500,180,bern,"[256, 128]",5,0.5,2,3,1003,cover_type/student_model_weights/kd_fc_54x256x128x7_bern_deg5_alpha0.5_T2_lr0.006_wd0.0001_seed1003.pth,96.3902147971,96.3902147971,0
7500,180,bern,"[256, 128]",5,0.5,2,4,1004,cover_type/student_model_weights/kd_fc_54x256x128x7_bern_deg5_alpha0.5_T2_lr0.006_wd0.0001_seed1004.pth,96.3672663852,96.3672663852,0
7500,180,relu,"[256, 128]",,0.5,2,0,1000,cover_type/student_model_weights/kd_fc_54x256x128x7_relu_degNA_alpha0.5_T2_lr0.006_wd0.0001_seed1000.pth,95.6065265284,95.6065265284,1.42108547152e-14
7500,180,relu,"[256, 128]",,0.5,2,1,1001,cover_type/student_model_weights/kd_fc_54x256x128x7_relu_degNA_alpha0.5_T2_lr0.006_wd0.0001_seed1001.pth,95.4894896273,95.4894896273,0
7500,180,relu,"[256, 128]",,0.5,2,2,1002,cover_type/student_model_weights/kd_fc_54x256x128x7_relu_degNA_alpha0.5_T2_lr0.006_wd0.0001_seed1002.pth,95.5858729576,95.5858729576,0
7500,180,relu,"[256, 128]",,0.5,2,3,1003,cover_type/student_model_weights/kd_fc_54x256x128x7_relu_degNA_alpha0.5_T2_lr0.006_wd0.0001_seed1003.pth,95.5973471636,95.5973471636,1.42108547152e-14
7500,180,relu,"[256, 128]",,0.5,2,4,1004,cover_type/student_model_weights/kd_fc_54x256x128x7_relu_degNA_alpha0.5_T2_lr0.006_wd0.0001_seed1004.pth,95.8107673949,95.8107673949,0
