arch,same_cov_alpha,conflict_alpha,n_rules,test_covered_pct,test_covered_rule_acc,test_rule_acc,reevaluated_test_covered_pct,reevaluated_test_rule_acc,n_conflicts,avg_conditions,rule_json,cart_npz
14x128x2,0.0,0.5,139,100.0,78.83,75.21,100.0,75.21,499,1.54,Adult/figure9_penalty_sweep/artifacts/kd_fc_14x128x2_bern_deg3_alpha0.5_T2_lr0.006_wd0.0001_seed6_sca0.0_ca0.5.json,Adult/figure9_penalty_sweep/artifacts/kd_fc_14x128x2_bern_deg3_alpha0.5_T2_lr0.006_wd0.0001_seed6_sca0.0_ca0.5_tree.npz
14x128x2,0.1,0.5,86,83.91,83.53,77.71,83.91,77.71,708,1.79,Adult/figure9_penalty_sweep/artifacts/kd_fc_14x128x2_bern_deg3_alpha0.5_T2_lr0.006_wd0.0001_seed6_sca0.1_ca0.5.json,Adult/figure9_penalty_sweep/artifacts/kd_fc_14x128x2_bern_deg3_alpha0.5_T2_lr0.006_wd0.0001_seed6_sca0.1_ca0.5_tree.npz
14x128x2,0.2,0.5,76,82.33,84.66,79.08,82.33,79.08,834,1.68,Adult/figure9_penalty_sweep/artifacts/kd_fc_14x128x2_bern_deg3_alpha0.5_T2_lr0.006_wd0.0001_seed6_sca0.2_ca0.5.json,Adult/figure9_penalty_sweep/artifacts/kd_fc_14x128x2_bern_deg3_alpha0.5_T2_lr0.006_wd0.0001_seed6_sca0.2_ca0.5_tree.npz
14x128x2,0.3,0.5,69,80.49,84.55,79.22,80.49,79.22,788,1.65,Adult/figure9_penalty_sweep/artifacts/kd_fc_14x128x2_bern_deg3_alpha0.5_T2_lr0.006_wd0.0001_seed6_sca0.3_ca0.5.json,Adult/figure9_penalty_sweep/artifacts/kd_fc_14x128x2_bern_deg3_alpha0.5_T2_lr0.006_wd0.0001_seed6_sca0.3_ca0.5_tree.npz
14x128x2,0.4,0.5,64,72.27,83.37,76.99,72.27,76.99,487,1.69,Adult/figure9_penalty_sweep/artifacts/kd_fc_14x128x2_bern_deg3_alpha0.5_T2_lr0.006_wd0.0001_seed6_sca0.4_ca0.5.json,Adult/figure9_penalty_sweep/artifacts/kd_fc_14x128x2_bern_deg3_alpha0.5_T2_lr0.006_wd0.0001_seed6_sca0.4_ca0.5_tree.npz
14x128x2,0.5,0.0,61,64.58,83.99,79.15,64.57,79.15,449,1.64,Adult/figure9_penalty_sweep/artifacts/kd_fc_14x128x2_bern_deg3_alpha0.5_T2_lr0.006_wd0.0001_seed6_sca0.5_ca0.0.json,Adult/figure9_penalty_sweep/artifacts/kd_fc_14x128x2_bern_deg3_alpha0.5_T2_lr0.006_wd0.0001_seed6_sca0.5_ca0.0_tree.npz
14x128x2,0.5,0.1,61,64.58,83.99,79.15,64.57,79.15,449,1.64,Adult/figure9_penalty_sweep/artifacts/kd_fc_14x128x2_bern_deg3_alpha0.5_T2_lr0.006_wd0.0001_seed6_sca0.5_ca0.1.json,Adult/figure9_penalty_sweep/artifacts/kd_fc_14x128x2_bern_deg3_alpha0.5_T2_lr0.006_wd0.0001_seed6_sca0.5_ca0.1_tree.npz
14x128x2,0.5,0.2,62,65.96,84.01,80.52,65.95,80.52,628,1.63,Adult/figure9_penalty_sweep/artifacts/kd_fc_14x128x2_bern_deg3_alpha0.5_T2_lr0.006_wd0.0001_seed6_sca0.5_ca0.2.json,Adult/figure9_penalty_sweep/artifacts/kd_fc_14x128x2_bern_deg3_alpha0.5_T2_lr0.006_wd0.0001_seed6_sca0.5_ca0.2_tree.npz
14x128x2,0.5,0.3,62,65.96,84.01,80.52,65.95,80.52,628,1.63,Adult/figure9_penalty_sweep/artifacts/kd_fc_14x128x2_bern_deg3_alpha0.5_T2_lr0.006_wd0.0001_seed6_sca0.5_ca0.3.json,Adult/figure9_penalty_sweep/artifacts/kd_fc_14x128x2_bern_deg3_alpha0.5_T2_lr0.006_wd0.0001_seed6_sca0.5_ca0.3_tree.npz
14x128x2,0.5,0.4,62,65.96,84.01,80.52,65.95,80.52,628,1.63,Adult/figure9_penalty_sweep/artifacts/kd_fc_14x128x2_bern_deg3_alpha0.5_T2_lr0.006_wd0.0001_seed6_sca0.5_ca0.4.json,Adult/figure9_penalty_sweep/artifacts/kd_fc_14x128x2_bern_deg3_alpha0.5_T2_lr0.006_wd0.0001_seed6_sca0.5_ca0.4_tree.npz
14x128x2,0.5,0.5,62,65.96,84.01,80.52,65.95,80.52,628,1.63,Adult/figure9_penalty_sweep/artifacts/kd_fc_14x128x2_bern_deg3_alpha0.5_T2_lr0.006_wd0.0001_seed6_sca0.5_ca0.5.json,Adult/figure9_penalty_sweep/artifacts/kd_fc_14x128x2_bern_deg3_alpha0.5_T2_lr0.006_wd0.0001_seed6_sca0.5_ca0.5_tree.npz
14x128x2,0.5,0.6,61,64.61,83.98,80.77,64.6,80.77,456,1.62,Adult/figure9_penalty_sweep/artifacts/kd_fc_14x128x2_bern_deg3_alpha0.5_T2_lr0.006_wd0.0001_seed6_sca0.5_ca0.6.json,Adult/figure9_penalty_sweep/artifacts/kd_fc_14x128x2_bern_deg3_alpha0.5_T2_lr0.006_wd0.0001_seed6_sca0.5_ca0.6_tree.npz
14x128x2,0.5,0.7,60,64.05,82.72,80.95,64.04,80.95,302,1.67,Adult/figure9_penalty_sweep/artifacts/kd_fc_14x128x2_bern_deg3_alpha0.5_T2_lr0.006_wd0.0001_seed6_sca0.5_ca0.7.json,Adult/figure9_penalty_sweep/artifacts/kd_fc_14x128x2_bern_deg3_alpha0.5_T2_lr0.006_wd0.0001_seed6_sca0.5_ca0.7_tree.npz
14x128x2,0.5,0.8,60,64.05,82.72,80.95,64.04,80.95,302,1.67,Adult/figure9_penalty_sweep/artifacts/kd_fc_14x128x2_bern_deg3_alpha0.5_T2_lr0.006_wd0.0001_seed6_sca0.5_ca0.8.json,Adult/figure9_penalty_sweep/artifacts/kd_fc_14x128x2_bern_deg3_alpha0.5_T2_lr0.006_wd0.0001_seed6_sca0.5_ca0.8_tree.npz
14x128x2,0.5,0.9,60,64.05,82.72,80.95,64.04,80.95,302,1.67,Adult/figure9_penalty_sweep/artifacts/kd_fc_14x128x2_bern_deg3_alpha0.5_T2_lr0.006_wd0.0001_seed6_sca0.5_ca0.9.json,Adult/figure9_penalty_sweep/artifacts/kd_fc_14x128x2_bern_deg3_alpha0.5_T2_lr0.006_wd0.0001_seed6_sca0.5_ca0.9_tree.npz
14x128x2,0.5,1.0,60,64.05,82.72,80.95,64.04,80.95,302,1.67,Adult/figure9_penalty_sweep/artifacts/kd_fc_14x128x2_bern_deg3_alpha0.5_T2_lr0.006_wd0.0001_seed6_sca0.5_ca1.0.json,Adult/figure9_penalty_sweep/artifacts/kd_fc_14x128x2_bern_deg3_alpha0.5_T2_lr0.006_wd0.0001_seed6_sca0.5_ca1.0_tree.npz
14x128x2,0.6,0.5,61,69.13,83.78,79.71,69.12,79.71,688,1.61,Adult/figure9_penalty_sweep/artifacts/kd_fc_14x128x2_bern_deg3_alpha0.5_T2_lr0.006_wd0.0001_seed6_sca0.6_ca0.5.json,Adult/figure9_penalty_sweep/artifacts/kd_fc_14x128x2_bern_deg3_alpha0.5_T2_lr0.006_wd0.0001_seed6_sca0.6_ca0.5_tree.npz
14x128x2,0.7,0.5,57,68.49,83.81,80.0,68.49,80.0,654,1.58,Adult/figure9_penalty_sweep/artifacts/kd_fc_14x128x2_bern_deg3_alpha0.5_T2_lr0.006_wd0.0001_seed6_sca0.7_ca0.5.json,Adult/figure9_penalty_sweep/artifacts/kd_fc_14x128x2_bern_deg3_alpha0.5_T2_lr0.006_wd0.0001_seed6_sca0.7_ca0.5_tree.npz
14x128x2,0.8,0.5,54,67.39,82.99,79.8,67.39,79.8,581,1.59,Adult/figure9_penalty_sweep/artifacts/kd_fc_14x128x2_bern_deg3_alpha0.5_T2_lr0.006_wd0.0001_seed6_sca0.8_ca0.5.json,Adult/figure9_penalty_sweep/artifacts/kd_fc_14x128x2_bern_deg3_alpha0.5_T2_lr0.006_wd0.0001_seed6_sca0.8_ca0.5_tree.npz
14x128x2,0.9,0.5,50,62.22,82.18,79.64,62.22,79.64,475,1.56,Adult/figure9_penalty_sweep/artifacts/kd_fc_14x128x2_bern_deg3_alpha0.5_T2_lr0.006_wd0.0001_seed6_sca0.9_ca0.5.json,Adult/figure9_penalty_sweep/artifacts/kd_fc_14x128x2_bern_deg3_alpha0.5_T2_lr0.006_wd0.0001_seed6_sca0.9_ca0.5_tree.npz
14x128x2,1.0,0.5,58,63.07,81.35,78.39,63.07,78.39,463,1.76,Adult/figure9_penalty_sweep/artifacts/kd_fc_14x128x2_bern_deg3_alpha0.5_T2_lr0.006_wd0.0001_seed6_sca1.0_ca0.5.json,Adult/figure9_penalty_sweep/artifacts/kd_fc_14x128x2_bern_deg3_alpha0.5_T2_lr0.006_wd0.0001_seed6_sca1.0_ca0.5_tree.npz
14x16x2,0.0,0.5,82,99.64,80.67,75.23,99.64,75.23,796,1.61,Adult/figure9_penalty_sweep/artifacts/kd_fc_14x16x2_bern_deg3_alpha0.5_T2_lr0.006_wd0.0001_seed6_sca0.0_ca0.5.json,Adult/figure9_penalty_sweep/artifacts/kd_fc_14x16x2_bern_deg3_alpha0.5_T2_lr0.006_wd0.0001_seed6_sca0.0_ca0.5_tree.npz
14x16x2,0.1,0.5,43,83.6,86.7,79.27,83.6,79.27,286,1.6,Adult/figure9_penalty_sweep/artifacts/kd_fc_14x16x2_bern_deg3_alpha0.5_T2_lr0.006_wd0.0001_seed6_sca0.1_ca0.5.json,Adult/figure9_penalty_sweep/artifacts/kd_fc_14x16x2_bern_deg3_alpha0.5_T2_lr0.006_wd0.0001_seed6_sca0.1_ca0.5_tree.npz
14x16x2,0.2,0.5,37,83.39,86.64,81.18,83.39,81.18,271,1.51,Adult/figure9_penalty_sweep/artifacts/kd_fc_14x16x2_bern_deg3_alpha0.5_T2_lr0.006_wd0.0001_seed6_sca0.2_ca0.5.json,Adult/figure9_penalty_sweep/artifacts/kd_fc_14x16x2_bern_deg3_alpha0.5_T2_lr0.006_wd0.0001_seed6_sca0.2_ca0.5_tree.npz
14x16x2,0.3,0.5,39,76.15,86.82,81.63,76.15,81.63,252,1.79,Adult/figure9_penalty_sweep/artifacts/kd_fc_14x16x2_bern_deg3_alpha0.5_T2_lr0.006_wd0.0001_seed6_sca0.3_ca0.5.json,Adult/figure9_penalty_sweep/artifacts/kd_fc_14x16x2_bern_deg3_alpha0.5_T2_lr0.006_wd0.0001_seed6_sca0.3_ca0.5_tree.npz
14x16x2,0.4,0.5,35,70.47,86.85,81.76,70.47,81.76,217,1.77,Adult/figure9_penalty_sweep/artifacts/kd_fc_14x16x2_bern_deg3_alpha0.5_T2_lr0.006_wd0.0001_seed6_sca0.4_ca0.5.json,Adult/figure9_penalty_sweep/artifacts/kd_fc_14x16x2_bern_deg3_alpha0.5_T2_lr0.006_wd0.0001_seed6_sca0.4_ca0.5_tree.npz
14x16x2,0.5,0.0,38,71.67,86.64,81.99,71.67,81.99,208,1.76,Adult/figure9_penalty_sweep/artifacts/kd_fc_14x16x2_bern_deg3_alpha0.5_T2_lr0.006_wd0.0001_seed6_sca0.5_ca0.0.json,Adult/figure9_penalty_sweep/artifacts/kd_fc_14x16x2_bern_deg3_alpha0.5_T2_lr0.006_wd0.0001_seed6_sca0.5_ca0.0_tree.npz
14x16x2,0.5,0.1,37,71.67,86.64,81.99,71.67,81.99,208,1.76,Adult/figure9_penalty_sweep/artifacts/kd_fc_14x16x2_bern_deg3_alpha0.5_T2_lr0.006_wd0.0001_seed6_sca0.5_ca0.1.json,Adult/figure9_penalty_sweep/artifacts/kd_fc_14x16x2_bern_deg3_alpha0.5_T2_lr0.006_wd0.0001_seed6_sca0.5_ca0.1_tree.npz
14x16x2,0.5,0.2,37,71.67,86.64,81.99,71.67,81.99,208,1.76,Adult/figure9_penalty_sweep/artifacts/kd_fc_14x16x2_bern_deg3_alpha0.5_T2_lr0.006_wd0.0001_seed6_sca0.5_ca0.2.json,Adult/figure9_penalty_sweep/artifacts/kd_fc_14x16x2_bern_deg3_alpha0.5_T2_lr0.006_wd0.0001_seed6_sca0.5_ca0.2_tree.npz
14x16x2,0.5,0.3,37,71.67,86.64,81.99,71.67,81.99,208,1.76,Adult/figure9_penalty_sweep/artifacts/kd_fc_14x16x2_bern_deg3_alpha0.5_T2_lr0.006_wd0.0001_seed6_sca0.5_ca0.3.json,Adult/figure9_penalty_sweep/artifacts/kd_fc_14x16x2_bern_deg3_alpha0.5_T2_lr0.006_wd0.0001_seed6_sca0.5_ca0.3_tree.npz
14x16x2,0.5,0.4,37,71.67,86.64,81.99,71.67,81.99,208,1.76,Adult/figure9_penalty_sweep/artifacts/kd_fc_14x16x2_bern_deg3_alpha0.5_T2_lr0.006_wd0.0001_seed6_sca0.5_ca0.4.json,Adult/figure9_penalty_sweep/artifacts/kd_fc_14x16x2_bern_deg3_alpha0.5_T2_lr0.006_wd0.0001_seed6_sca0.5_ca0.4_tree.npz
14x16x2,0.5,0.5,36,71.32,86.56,81.98,71.32,81.98,199,1.75,Adult/figure9_penalty_sweep/artifacts/kd_fc_14x16x2_bern_deg3_alpha0.5_T2_lr0.006_wd0.0001_seed6_sca0.5_ca0.5.json,Adult/figure9_penalty_sweep/artifacts/kd_fc_14x16x2_bern_deg3_alpha0.5_T2_lr0.006_wd0.0001_seed6_sca0.5_ca0.5_tree.npz
14x16x2,0.5,0.6,36,71.32,86.56,81.98,71.32,81.98,199,1.75,Adult/figure9_penalty_sweep/artifacts/kd_fc_14x16x2_bern_deg3_alpha0.5_T2_lr0.006_wd0.0001_seed6_sca0.5_ca0.6.json,Adult/figure9_penalty_sweep/artifacts/kd_fc_14x16x2_bern_deg3_alpha0.5_T2_lr0.006_wd0.0001_seed6_sca0.5_ca0.6_tree.npz
14x16x2,0.5,0.7,36,71.32,86.56,81.98,71.32,81.98,199,1.75,Adult/figure9_penalty_sweep/artifacts/kd_fc_14x16x2_bern_deg3_alpha0.5_T2_lr0.006_wd0.0001_seed6_sca0.5_ca0.7.json,Adult/figure9_penalty_sweep/artifacts/kd_fc_14x16x2_bern_deg3_alpha0.5_T2_lr0.006_wd0.0001_seed6_sca0.5_ca0.7_tree.npz
14x16x2,0.5,0.8,36,71.32,86.56,81.98,71.32,81.98,199,1.75,Adult/figure9_penalty_sweep/artifacts/kd_fc_14x16x2_bern_deg3_alpha0.5_T2_lr0.006_wd0.0001_seed6_sca0.5_ca0.8.json,Adult/figure9_penalty_sweep/artifacts/kd_fc_14x16x2_bern_deg3_alpha0.5_T2_lr0.006_wd0.0001_seed6_sca0.5_ca0.8_tree.npz
14x16x2,0.5,0.9,36,69.62,84.58,81.58,69.62,81.58,93,1.75,Adult/figure9_penalty_sweep/artifacts/kd_fc_14x16x2_bern_deg3_alpha0.5_T2_lr0.006_wd0.0001_seed6_sca0.5_ca0.9.json,Adult/figure9_penalty_sweep/artifacts/kd_fc_14x16x2_bern_deg3_alpha0.5_T2_lr0.006_wd0.0001_seed6_sca0.5_ca0.9_tree.npz
14x16x2,0.5,1.0,36,69.62,84.58,81.58,69.62,81.58,93,1.75,Adult/figure9_penalty_sweep/artifacts/kd_fc_14x16x2_bern_deg3_alpha0.5_T2_lr0.006_wd0.0001_seed6_sca0.5_ca1.0.json,Adult/figure9_penalty_sweep/artifacts/kd_fc_14x16x2_bern_deg3_alpha0.5_T2_lr0.006_wd0.0001_seed6_sca0.5_ca1.0_tree.npz
14x16x2,0.6,0.5,33,53.9,88.02,83.07,53.9,83.07,106,1.82,Adult/figure9_penalty_sweep/artifacts/kd_fc_14x16x2_bern_deg3_alpha0.5_T2_lr0.006_wd0.0001_seed6_sca0.6_ca0.5.json,Adult/figure9_penalty_sweep/artifacts/kd_fc_14x16x2_bern_deg3_alpha0.5_T2_lr0.006_wd0.0001_seed6_sca0.6_ca0.5_tree.npz
14x16x2,0.7,0.5,31,56.06,86.29,82.0,56.06,82.0,192,1.81,Adult/figure9_penalty_sweep/artifacts/kd_fc_14x16x2_bern_deg3_alpha0.5_T2_lr0.006_wd0.0001_seed6_sca0.7_ca0.5.json,Adult/figure9_penalty_sweep/artifacts/kd_fc_14x16x2_bern_deg3_alpha0.5_T2_lr0.006_wd0.0001_seed6_sca0.7_ca0.5_tree.npz
14x16x2,0.8,0.5,31,59.02,86.94,82.52,59.02,82.52,47,1.68,Adult/figure9_penalty_sweep/artifacts/kd_fc_14x16x2_bern_deg3_alpha0.5_T2_lr0.006_wd0.0001_seed6_sca0.8_ca0.5.json,Adult/figure9_penalty_sweep/artifacts/kd_fc_14x16x2_bern_deg3_alpha0.5_T2_lr0.006_wd0.0001_seed6_sca0.8_ca0.5_tree.npz
14x16x2,0.9,0.5,33,58.75,86.28,82.16,58.75,82.16,35,1.76,Adult/figure9_penalty_sweep/artifacts/kd_fc_14x16x2_bern_deg3_alpha0.5_T2_lr0.006_wd0.0001_seed6_sca0.9_ca0.5.json,Adult/figure9_penalty_sweep/artifacts/kd_fc_14x16x2_bern_deg3_alpha0.5_T2_lr0.006_wd0.0001_seed6_sca0.9_ca0.5_tree.npz
14x16x2,1.0,0.5,32,58.62,86.34,81.96,58.62,81.96,35,1.75,Adult/figure9_penalty_sweep/artifacts/kd_fc_14x16x2_bern_deg3_alpha0.5_T2_lr0.006_wd0.0001_seed6_sca1.0_ca0.5.json,Adult/figure9_penalty_sweep/artifacts/kd_fc_14x16x2_bern_deg3_alpha0.5_T2_lr0.006_wd0.0001_seed6_sca1.0_ca0.5_tree.npz
14x16x8x2,0.0,0.5,75,99.83,78.79,75.58,99.83,75.58,371,1.55,Adult/figure9_penalty_sweep/artifacts/kd_fc_14x16x8x2_bern_deg3_alpha0.5_T2_lr0.006_wd0.0001_seed6_sca0.0_ca0.5.json,Adult/figure9_penalty_sweep/artifacts/kd_fc_14x16x8x2_bern_deg3_alpha0.5_T2_lr0.006_wd0.0001_seed6_sca0.0_ca0.5_tree.npz
14x16x8x2,0.1,0.5,38,96.08,81.65,79.39,96.08,79.39,229,1.76,Adult/figure9_penalty_sweep/artifacts/kd_fc_14x16x8x2_bern_deg3_alpha0.5_T2_lr0.006_wd0.0001_seed6_sca0.1_ca0.5.json,Adult/figure9_penalty_sweep/artifacts/kd_fc_14x16x8x2_bern_deg3_alpha0.5_T2_lr0.006_wd0.0001_seed6_sca0.1_ca0.5_tree.npz
14x16x8x2,0.2,0.5,33,95.3,81.15,79.5,95.3,79.5,159,1.76,Adult/figure9_penalty_sweep/artifacts/kd_fc_14x16x8x2_bern_deg3_alpha0.5_T2_lr0.006_wd0.0001_seed6_sca0.2_ca0.5.json,Adult/figure9_penalty_sweep/artifacts/kd_fc_14x16x8x2_bern_deg3_alpha0.5_T2_lr0.006_wd0.0001_seed6_sca0.2_ca0.5_tree.npz
14x16x8x2,0.3,0.5,32,93.01,82.92,80.78,93.01,80.78,181,1.75,Adult/figure9_penalty_sweep/artifacts/kd_fc_14x16x8x2_bern_deg3_alpha0.5_T2_lr0.006_wd0.0001_seed6_sca0.3_ca0.5.json,Adult/figure9_penalty_sweep/artifacts/kd_fc_14x16x8x2_bern_deg3_alpha0.5_T2_lr0.006_wd0.0001_seed6_sca0.3_ca0.5_tree.npz
14x16x8x2,0.4,0.5,31,92.36,82.81,80.55,92.36,80.55,174,1.71,Adult/figure9_penalty_sweep/artifacts/kd_fc_14x16x8x2_bern_deg3_alpha0.5_T2_lr0.006_wd0.0001_seed6_sca0.4_ca0.5.json,Adult/figure9_penalty_sweep/artifacts/kd_fc_14x16x8x2_bern_deg3_alpha0.5_T2_lr0.006_wd0.0001_seed6_sca0.4_ca0.5_tree.npz
14x16x8x2,0.5,0.0,30,92.31,82.85,80.56,92.31,80.56,173,1.7,Adult/figure9_penalty_sweep/artifacts/kd_fc_14x16x8x2_bern_deg3_alpha0.5_T2_lr0.006_wd0.0001_seed6_sca0.5_ca0.0.json,Adult/figure9_penalty_sweep/artifacts/kd_fc_14x16x8x2_bern_deg3_alpha0.5_T2_lr0.006_wd0.0001_seed6_sca0.5_ca0.0_tree.npz
14x16x8x2,0.5,0.1,29,92.21,82.85,80.71,92.21,80.71,173,1.69,Adult/figure9_penalty_sweep/artifacts/kd_fc_14x16x8x2_bern_deg3_alpha0.5_T2_lr0.006_wd0.0001_seed6_sca0.5_ca0.1.json,Adult/figure9_penalty_sweep/artifacts/kd_fc_14x16x8x2_bern_deg3_alpha0.5_T2_lr0.006_wd0.0001_seed6_sca0.5_ca0.1_tree.npz
14x16x8x2,0.5,0.2,29,92.21,82.85,80.71,92.21,80.71,173,1.69,Adult/figure9_penalty_sweep/artifacts/kd_fc_14x16x8x2_bern_deg3_alpha0.5_T2_lr0.006_wd0.0001_seed6_sca0.5_ca0.2.json,Adult/figure9_penalty_sweep/artifacts/kd_fc_14x16x8x2_bern_deg3_alpha0.5_T2_lr0.006_wd0.0001_seed6_sca0.5_ca0.2_tree.npz
14x16x8x2,0.5,0.3,29,92.21,82.85,80.71,92.21,80.71,173,1.69,Adult/figure9_penalty_sweep/artifacts/kd_fc_14x16x8x2_bern_deg3_alpha0.5_T2_lr0.006_wd0.0001_seed6_sca0.5_ca0.3.json,Adult/figure9_penalty_sweep/artifacts/kd_fc_14x16x8x2_bern_deg3_alpha0.5_T2_lr0.006_wd0.0001_seed6_sca0.5_ca0.3_tree.npz
14x16x8x2,0.5,0.4,29,90.96,82.45,80.44,90.96,80.44,118,1.72,Adult/figure9_penalty_sweep/artifacts/kd_fc_14x16x8x2_bern_deg3_alpha0.5_T2_lr0.006_wd0.0001_seed6_sca0.5_ca0.4.json,Adult/figure9_penalty_sweep/artifacts/kd_fc_14x16x8x2_bern_deg3_alpha0.5_T2_lr0.006_wd0.0001_seed6_sca0.5_ca0.4_tree.npz
14x16x8x2,0.5,0.5,29,90.96,82.45,80.44,90.96,80.44,118,1.72,Adult/figure9_penalty_sweep/artifacts/kd_fc_14x16x8x2_bern_deg3_alpha0.5_T2_lr0.006_wd0.0001_seed6_sca0.5_ca0.5.json,Adult/figure9_penalty_sweep/artifacts/kd_fc_14x16x8x2_bern_deg3_alpha0.5_T2_lr0.006_wd0.0001_seed6_sca0.5_ca0.5_tree.npz
14x16x8x2,0.5,0.6,29,90.96,82.45,80.44,90.96,80.44,118,1.72,Adult/figure9_penalty_sweep/artifacts/kd_fc_14x16x8x2_bern_deg3_alpha0.5_T2_lr0.006_wd0.0001_seed6_sca0.5_ca0.6.json,Adult/figure9_penalty_sweep/artifacts/kd_fc_14x16x8x2_bern_deg3_alpha0.5_T2_lr0.006_wd0.0001_seed6_sca0.5_ca0.6_tree.npz
14x16x8x2,0.5,0.7,29,90.96,82.45,80.44,90.96,80.44,118,1.72,Adult/figure9_penalty_sweep/artifacts/kd_fc_14x16x8x2_bern_deg3_alpha0.5_T2_lr0.006_wd0.0001_seed6_sca0.5_ca0.7.json,Adult/figure9_penalty_sweep/artifacts/kd_fc_14x16x8x2_bern_deg3_alpha0.5_T2_lr0.006_wd0.0001_seed6_sca0.5_ca0.7_tree.npz
14x16x8x2,0.5,0.8,29,90.96,82.45,80.44,90.96,80.44,118,1.72,Adult/figure9_penalty_sweep/artifacts/kd_fc_14x16x8x2_bern_deg3_alpha0.5_T2_lr0.006_wd0.0001_seed6_sca0.5_ca0.8.json,Adult/figure9_penalty_sweep/artifacts/kd_fc_14x16x8x2_bern_deg3_alpha0.5_T2_lr0.006_wd0.0001_seed6_sca0.5_ca0.8_tree.npz
14x16x8x2,0.5,0.9,29,90.96,82.45,80.44,90.96,80.44,118,1.72,Adult/figure9_penalty_sweep/artifacts/kd_fc_14x16x8x2_bern_deg3_alpha0.5_T2_lr0.006_wd0.0001_seed6_sca0.5_ca0.9.json,Adult/figure9_penalty_sweep/artifacts/kd_fc_14x16x8x2_bern_deg3_alpha0.5_T2_lr0.006_wd0.0001_seed6_sca0.5_ca0.9_tree.npz
14x16x8x2,0.5,1.0,29,90.96,82.45,80.44,90.96,80.44,118,1.72,Adult/figure9_penalty_sweep/artifacts/kd_fc_14x16x8x2_bern_deg3_alpha0.5_T2_lr0.006_wd0.0001_seed6_sca0.5_ca1.0.json,Adult/figure9_penalty_sweep/artifacts/kd_fc_14x16x8x2_bern_deg3_alpha0.5_T2_lr0.006_wd0.0001_seed6_sca0.5_ca1.0_tree.npz
14x16x8x2,0.6,0.5,29,90.96,82.45,80.44,90.96,80.44,118,1.72,Adult/figure9_penalty_sweep/artifacts/kd_fc_14x16x8x2_bern_deg3_alpha0.5_T2_lr0.006_wd0.0001_seed6_sca0.6_ca0.5.json,Adult/figure9_penalty_sweep/artifacts/kd_fc_14x16x8x2_bern_deg3_alpha0.5_T2_lr0.006_wd0.0001_seed6_sca0.6_ca0.5_tree.npz
14x16x8x2,0.7,0.5,27,89.19,82.43,80.52,89.19,80.52,112,1.78,Adult/figure9_penalty_sweep/artifacts/kd_fc_14x16x8x2_bern_deg3_alpha0.5_T2_lr0.006_wd0.0001_seed6_sca0.7_ca0.5.json,Adult/figure9_penalty_sweep/artifacts/kd_fc_14x16x8x2_bern_deg3_alpha0.5_T2_lr0.006_wd0.0001_seed6_sca0.7_ca0.5_tree.npz
14x16x8x2,0.8,0.5,26,88.34,82.5,80.57,88.34,80.57,107,1.77,Adult/figure9_penalty_sweep/artifacts/kd_fc_14x16x8x2_bern_deg3_alpha0.5_T2_lr0.006_wd0.0001_seed6_sca0.8_ca0.5.json,Adult/figure9_penalty_sweep/artifacts/kd_fc_14x16x8x2_bern_deg3_alpha0.5_T2_lr0.006_wd0.0001_seed6_sca0.8_ca0.5_tree.npz
14x16x8x2,0.9,0.5,28,78.64,84.11,80.59,78.64,80.59,88,1.89,Adult/figure9_penalty_sweep/artifacts/kd_fc_14x16x8x2_bern_deg3_alpha0.5_T2_lr0.006_wd0.0001_seed6_sca0.9_ca0.5.json,Adult/figure9_penalty_sweep/artifacts/kd_fc_14x16x8x2_bern_deg3_alpha0.5_T2_lr0.006_wd0.0001_seed6_sca0.9_ca0.5_tree.npz
14x16x8x2,1.0,0.5,27,75.77,84.14,80.66,75.77,80.66,80,1.93,Adult/figure9_penalty_sweep/artifacts/kd_fc_14x16x8x2_bern_deg3_alpha0.5_T2_lr0.006_wd0.0001_seed6_sca1.0_ca0.5.json,Adult/figure9_penalty_sweep/artifacts/kd_fc_14x16x8x2_bern_deg3_alpha0.5_T2_lr0.006_wd0.0001_seed6_sca1.0_ca0.5_tree.npz
14x32x16x2,0.0,0.5,107,99.7,77.36,75.57,99.7,75.57,192,1.67,Adult/figure9_penalty_sweep/artifacts/kd_fc_14x32x16x2_bern_deg3_alpha0.5_T2_lr0.006_wd0.0001_seed6_sca0.0_ca0.5.json,Adult/figure9_penalty_sweep/artifacts/kd_fc_14x32x16x2_bern_deg3_alpha0.5_T2_lr0.006_wd0.0001_seed6_sca0.0_ca0.5_tree.npz
14x32x16x2,0.1,0.5,63,98.95,79.49,77.27,98.95,77.27,311,1.84,Adult/figure9_penalty_sweep/artifacts/kd_fc_14x32x16x2_bern_deg3_alpha0.5_T2_lr0.006_wd0.0001_seed6_sca0.1_ca0.5.json,Adult/figure9_penalty_sweep/artifacts/kd_fc_14x32x16x2_bern_deg3_alpha0.5_T2_lr0.006_wd0.0001_seed6_sca0.1_ca0.5_tree.npz
14x32x16x2,0.2,0.5,62,98.56,79.58,77.45,98.56,77.45,296,1.95,Adult/figure9_penalty_sweep/artifacts/kd_fc_14x32x16x2_bern_deg3_alpha0.5_T2_lr0.006_wd0.0001_seed6_sca0.2_ca0.5.json,Adult/figure9_penalty_sweep/artifacts/kd_fc_14x32x16x2_bern_deg3_alpha0.5_T2_lr0.006_wd0.0001_seed6_sca0.2_ca0.5_tree.npz
14x32x16x2,0.3,0.5,57,98.68,77.93,77.17,98.68,77.17,118,1.98,Adult/figure9_penalty_sweep/artifacts/kd_fc_14x32x16x2_bern_deg3_alpha0.5_T2_lr0.006_wd0.0001_seed6_sca0.3_ca0.5.json,Adult/figure9_penalty_sweep/artifacts/kd_fc_14x32x16x2_bern_deg3_alpha0.5_T2_lr0.006_wd0.0001_seed6_sca0.3_ca0.5_tree.npz
14x32x16x2,0.4,0.5,56,74.87,81.36,79.9,74.87,79.9,42,2.05,Adult/figure9_penalty_sweep/artifacts/kd_fc_14x32x16x2_bern_deg3_alpha0.5_T2_lr0.006_wd0.0001_seed6_sca0.4_ca0.5.json,Adult/figure9_penalty_sweep/artifacts/kd_fc_14x32x16x2_bern_deg3_alpha0.5_T2_lr0.006_wd0.0001_seed6_sca0.4_ca0.5_tree.npz
14x32x16x2,0.5,0.0,55,87.73,79.6,78.83,87.73,78.83,37,2.02,Adult/figure9_penalty_sweep/artifacts/kd_fc_14x32x16x2_bern_deg3_alpha0.5_T2_lr0.006_wd0.0001_seed6_sca0.5_ca0.0.json,Adult/figure9_penalty_sweep/artifacts/kd_fc_14x32x16x2_bern_deg3_alpha0.5_T2_lr0.006_wd0.0001_seed6_sca0.5_ca0.0_tree.npz
14x32x16x2,0.5,0.1,55,87.73,79.6,78.83,87.73,78.83,37,2.02,Adult/figure9_penalty_sweep/artifacts/kd_fc_14x32x16x2_bern_deg3_alpha0.5_T2_lr0.006_wd0.0001_seed6_sca0.5_ca0.1.json,Adult/figure9_penalty_sweep/artifacts/kd_fc_14x32x16x2_bern_deg3_alpha0.5_T2_lr0.006_wd0.0001_seed6_sca0.5_ca0.1_tree.npz
14x32x16x2,0.5,0.2,55,87.73,79.6,78.83,87.73,78.83,37,2.02,Adult/figure9_penalty_sweep/artifacts/kd_fc_14x32x16x2_bern_deg3_alpha0.5_T2_lr0.006_wd0.0001_seed6_sca0.5_ca0.2.json,Adult/figure9_penalty_sweep/artifacts/kd_fc_14x32x16x2_bern_deg3_alpha0.5_T2_lr0.006_wd0.0001_seed6_sca0.5_ca0.2_tree.npz
14x32x16x2,0.5,0.3,55,87.73,79.6,78.83,87.73,78.83,37,2.02,Adult/figure9_penalty_sweep/artifacts/kd_fc_14x32x16x2_bern_deg3_alpha0.5_T2_lr0.006_wd0.0001_seed6_sca0.5_ca0.3.json,Adult/figure9_penalty_sweep/artifacts/kd_fc_14x32x16x2_bern_deg3_alpha0.5_T2_lr0.006_wd0.0001_seed6_sca0.5_ca0.3_tree.npz
14x32x16x2,0.5,0.4,58,88.29,79.73,78.82,88.29,78.82,56,2.07,Adult/figure9_penalty_sweep/artifacts/kd_fc_14x32x16x2_bern_deg3_alpha0.5_T2_lr0.006_wd0.0001_seed6_sca0.5_ca0.4.json,Adult/figure9_penalty_sweep/artifacts/kd_fc_14x32x16x2_bern_deg3_alpha0.5_T2_lr0.006_wd0.0001_seed6_sca0.5_ca0.4_tree.npz
14x32x16x2,0.5,0.5,58,88.29,79.73,78.82,88.29,78.82,56,2.07,Adult/figure9_penalty_sweep/artifacts/kd_fc_14x32x16x2_bern_deg3_alpha0.5_T2_lr0.006_wd0.0001_seed6_sca0.5_ca0.5.json,Adult/figure9_penalty_sweep/artifacts/kd_fc_14x32x16x2_bern_deg3_alpha0.5_T2_lr0.006_wd0.0001_seed6_sca0.5_ca0.5_tree.npz
14x32x16x2,0.5,0.6,58,88.29,79.73,78.82,88.29,78.82,56,2.07,Adult/figure9_penalty_sweep/artifacts/kd_fc_14x32x16x2_bern_deg3_alpha0.5_T2_lr0.006_wd0.0001_seed6_sca0.5_ca0.6.json,Adult/figure9_penalty_sweep/artifacts/kd_fc_14x32x16x2_bern_deg3_alpha0.5_T2_lr0.006_wd0.0001_seed6_sca0.5_ca0.6_tree.npz
14x32x16x2,0.5,0.7,58,88.29,79.73,78.82,88.29,78.82,56,2.07,Adult/figure9_penalty_sweep/artifacts/kd_fc_14x32x16x2_bern_deg3_alpha0.5_T2_lr0.006_wd0.0001_seed6_sca0.5_ca0.7.json,Adult/figure9_penalty_sweep/artifacts/kd_fc_14x32x16x2_bern_deg3_alpha0.5_T2_lr0.006_wd0.0001_seed6_sca0.5_ca0.7_tree.npz
14x32x16x2,0.5,0.8,56,88.29,79.71,78.82,88.29,78.82,57,2.09,Adult/figure9_penalty_sweep/artifacts/kd_fc_14x32x16x2_bern_deg3_alpha0.5_T2_lr0.006_wd0.0001_seed6_sca0.5_ca0.8.json,Adult/figure9_penalty_sweep/artifacts/kd_fc_14x32x16x2_bern_deg3_alpha0.5_T2_lr0.006_wd0.0001_seed6_sca0.5_ca0.8_tree.npz
14x32x16x2,0.5,0.9,54,88.25,79.73,78.83,88.25,78.83,55,2.04,Adult/figure9_penalty_sweep/artifacts/kd_fc_14x32x16x2_bern_deg3_alpha0.5_T2_lr0.006_wd0.0001_seed6_sca0.5_ca0.9.json,Adult/figure9_penalty_sweep/artifacts/kd_fc_14x32x16x2_bern_deg3_alpha0.5_T2_lr0.006_wd0.0001_seed6_sca0.5_ca0.9_tree.npz
14x32x16x2,0.5,1.0,54,88.25,79.73,78.83,88.25,78.83,55,2.04,Adult/figure9_penalty_sweep/artifacts/kd_fc_14x32x16x2_bern_deg3_alpha0.5_T2_lr0.006_wd0.0001_seed6_sca0.5_ca1.0.json,Adult/figure9_penalty_sweep/artifacts/kd_fc_14x32x16x2_bern_deg3_alpha0.5_T2_lr0.006_wd0.0001_seed6_sca0.5_ca1.0_tree.npz
14x32x16x2,0.6,0.5,54,88.23,79.61,78.83,88.23,78.83,48,2.06,Adult/figure9_penalty_sweep/artifacts/kd_fc_14x32x16x2_bern_deg3_alpha0.5_T2_lr0.006_wd0.0001_seed6_sca0.6_ca0.5.json,Adult/figure9_penalty_sweep/artifacts/kd_fc_14x32x16x2_bern_deg3_alpha0.5_T2_lr0.006_wd0.0001_seed6_sca0.6_ca0.5_tree.npz
14x32x16x2,0.7,0.5,51,88.18,79.59,78.82,88.18,78.82,43,2.06,Adult/figure9_penalty_sweep/artifacts/kd_fc_14x32x16x2_bern_deg3_alpha0.5_T2_lr0.006_wd0.0001_seed6_sca0.7_ca0.5.json,Adult/figure9_penalty_sweep/artifacts/kd_fc_14x32x16x2_bern_deg3_alpha0.5_T2_lr0.006_wd0.0001_seed6_sca0.7_ca0.5_tree.npz
14x32x16x2,0.8,0.5,50,87.73,79.55,78.82,87.73,78.82,37,2.08,Adult/figure9_penalty_sweep/artifacts/kd_fc_14x32x16x2_bern_deg3_alpha0.5_T2_lr0.006_wd0.0001_seed6_sca0.8_ca0.5.json,Adult/figure9_penalty_sweep/artifacts/kd_fc_14x32x16x2_bern_deg3_alpha0.5_T2_lr0.006_wd0.0001_seed6_sca0.8_ca0.5_tree.npz
14x32x16x2,0.9,0.5,46,87.5,79.59,78.87,87.5,78.87,32,2.04,Adult/figure9_penalty_sweep/artifacts/kd_fc_14x32x16x2_bern_deg3_alpha0.5_T2_lr0.006_wd0.0001_seed6_sca0.9_ca0.5.json,Adult/figure9_penalty_sweep/artifacts/kd_fc_14x32x16x2_bern_deg3_alpha0.5_T2_lr0.006_wd0.0001_seed6_sca0.9_ca0.5_tree.npz
14x32x16x2,1.0,0.5,44,85.34,79.51,78.89,85.34,78.89,27,2.02,Adult/figure9_penalty_sweep/artifacts/kd_fc_14x32x16x2_bern_deg3_alpha0.5_T2_lr0.006_wd0.0001_seed6_sca1.0_ca0.5.json,Adult/figure9_penalty_sweep/artifacts/kd_fc_14x32x16x2_bern_deg3_alpha0.5_T2_lr0.006_wd0.0001_seed6_sca1.0_ca0.5_tree.npz
14x32x2,0.0,0.5,87,99.99,79.66,75.23,99.99,75.23,434,1.63,Adult/figure9_penalty_sweep/artifacts/kd_fc_14x32x2_bern_deg3_alpha0.5_T2_lr0.006_wd0.0001_seed6_sca0.0_ca0.5.json,Adult/figure9_penalty_sweep/artifacts/kd_fc_14x32x2_bern_deg3_alpha0.5_T2_lr0.006_wd0.0001_seed6_sca0.0_ca0.5_tree.npz
14x32x2,0.1,0.5,49,97.82,81.54,78.94,97.82,78.94,305,2.04,Adult/figure9_penalty_sweep/artifacts/kd_fc_14x32x2_bern_deg3_alpha0.5_T2_lr0.006_wd0.0001_seed6_sca0.1_ca0.5.json,Adult/figure9_penalty_sweep/artifacts/kd_fc_14x32x2_bern_deg3_alpha0.5_T2_lr0.006_wd0.0001_seed6_sca0.1_ca0.5_tree.npz
14x32x2,0.2,0.5,47,99.52,83.56,75.87,99.52,75.87,961,2.13,Adult/figure9_penalty_sweep/artifacts/kd_fc_14x32x2_bern_deg3_alpha0.5_T2_lr0.006_wd0.0001_seed6_sca0.2_ca0.5.json,Adult/figure9_penalty_sweep/artifacts/kd_fc_14x32x2_bern_deg3_alpha0.5_T2_lr0.006_wd0.0001_seed6_sca0.2_ca0.5_tree.npz
14x32x2,0.3,0.5,52,91.35,85.77,81.12,91.35,81.12,470,2.02,Adult/figure9_penalty_sweep/artifacts/kd_fc_14x32x2_bern_deg3_alpha0.5_T2_lr0.006_wd0.0001_seed6_sca0.3_ca0.5.json,Adult/figure9_penalty_sweep/artifacts/kd_fc_14x32x2_bern_deg3_alpha0.5_T2_lr0.006_wd0.0001_seed6_sca0.3_ca0.5_tree.npz
14x32x2,0.4,0.5,48,90.57,85.86,81.14,90.57,81.14,445,2.08,Adult/figure9_penalty_sweep/artifacts/kd_fc_14x32x2_bern_deg3_alpha0.5_T2_lr0.006_wd0.0001_seed6_sca0.4_ca0.5.json,Adult/figure9_penalty_sweep/artifacts/kd_fc_14x32x2_bern_deg3_alpha0.5_T2_lr0.006_wd0.0001_seed6_sca0.4_ca0.5_tree.npz
14x32x2,0.5,0.0,47,91.01,85.76,81.16,91.01,81.16,467,2.04,Adult/figure9_penalty_sweep/artifacts/kd_fc_14x32x2_bern_deg3_alpha0.5_T2_lr0.006_wd0.0001_seed6_sca0.5_ca0.0.json,Adult/figure9_penalty_sweep/artifacts/kd_fc_14x32x2_bern_deg3_alpha0.5_T2_lr0.006_wd0.0001_seed6_sca0.5_ca0.0_tree.npz
14x32x2,0.5,0.1,45,90.74,85.83,81.14,90.74,81.14,457,2.04,Adult/figure9_penalty_sweep/artifacts/kd_fc_14x32x2_bern_deg3_alpha0.5_T2_lr0.006_wd0.0001_seed6_sca0.5_ca0.1.json,Adult/figure9_penalty_sweep/artifacts/kd_fc_14x32x2_bern_deg3_alpha0.5_T2_lr0.006_wd0.0001_seed6_sca0.5_ca0.1_tree.npz
14x32x2,0.5,0.2,45,90.74,85.83,81.14,90.74,81.14,457,2.04,Adult/figure9_penalty_sweep/artifacts/kd_fc_14x32x2_bern_deg3_alpha0.5_T2_lr0.006_wd0.0001_seed6_sca0.5_ca0.2.json,Adult/figure9_penalty_sweep/artifacts/kd_fc_14x32x2_bern_deg3_alpha0.5_T2_lr0.006_wd0.0001_seed6_sca0.5_ca0.2_tree.npz
14x32x2,0.5,0.3,46,90.79,85.31,81.16,90.79,81.16,423,2.09,Adult/figure9_penalty_sweep/artifacts/kd_fc_14x32x2_bern_deg3_alpha0.5_T2_lr0.006_wd0.0001_seed6_sca0.5_ca0.3.json,Adult/figure9_penalty_sweep/artifacts/kd_fc_14x32x2_bern_deg3_alpha0.5_T2_lr0.006_wd0.0001_seed6_sca0.5_ca0.3_tree.npz
14x32x2,0.5,0.4,45,90.74,85.83,81.14,90.74,81.14,457,2.04,Adult/figure9_penalty_sweep/artifacts/kd_fc_14x32x2_bern_deg3_alpha0.5_T2_lr0.006_wd0.0001_seed6_sca0.5_ca0.4.json,Adult/figure9_penalty_sweep/artifacts/kd_fc_14x32x2_bern_deg3_alpha0.5_T2_lr0.006_wd0.0001_seed6_sca0.5_ca0.4_tree.npz
14x32x2,0.5,0.5,45,90.74,85.83,81.14,90.74,81.14,457,2.04,Adult/figure9_penalty_sweep/artifacts/kd_fc_14x32x2_bern_deg3_alpha0.5_T2_lr0.006_wd0.0001_seed6_sca0.5_ca0.5.json,Adult/figure9_penalty_sweep/artifacts/kd_fc_14x32x2_bern_deg3_alpha0.5_T2_lr0.006_wd0.0001_seed6_sca0.5_ca0.5_tree.npz
14x32x2,0.5,0.6,46,90.68,85.3,81.21,90.68,81.21,413,2.09,Adult/figure9_penalty_sweep/artifacts/kd_fc_14x32x2_bern_deg3_alpha0.5_T2_lr0.006_wd0.0001_seed6_sca0.5_ca0.6.json,Adult/figure9_penalty_sweep/artifacts/kd_fc_14x32x2_bern_deg3_alpha0.5_T2_lr0.006_wd0.0001_seed6_sca0.5_ca0.6_tree.npz
14x32x2,0.5,0.7,46,90.68,85.3,81.21,90.68,81.21,413,2.09,Adult/figure9_penalty_sweep/artifacts/kd_fc_14x32x2_bern_deg3_alpha0.5_T2_lr0.006_wd0.0001_seed6_sca0.5_ca0.7.json,Adult/figure9_penalty_sweep/artifacts/kd_fc_14x32x2_bern_deg3_alpha0.5_T2_lr0.006_wd0.0001_seed6_sca0.5_ca0.7_tree.npz
14x32x2,0.5,0.8,46,90.68,85.3,81.21,90.68,81.21,413,2.09,Adult/figure9_penalty_sweep/artifacts/kd_fc_14x32x2_bern_deg3_alpha0.5_T2_lr0.006_wd0.0001_seed6_sca0.5_ca0.8.json,Adult/figure9_penalty_sweep/artifacts/kd_fc_14x32x2_bern_deg3_alpha0.5_T2_lr0.006_wd0.0001_seed6_sca0.5_ca0.8_tree.npz
14x32x2,0.5,0.9,46,90.68,85.3,81.21,90.68,81.21,413,2.09,Adult/figure9_penalty_sweep/artifacts/kd_fc_14x32x2_bern_deg3_alpha0.5_T2_lr0.006_wd0.0001_seed6_sca0.5_ca0.9.json,Adult/figure9_penalty_sweep/artifacts/kd_fc_14x32x2_bern_deg3_alpha0.5_T2_lr0.006_wd0.0001_seed6_sca0.5_ca0.9_tree.npz
14x32x2,0.5,1.0,46,90.68,85.3,81.21,90.68,81.21,413,2.09,Adult/figure9_penalty_sweep/artifacts/kd_fc_14x32x2_bern_deg3_alpha0.5_T2_lr0.006_wd0.0001_seed6_sca0.5_ca1.0.json,Adult/figure9_penalty_sweep/artifacts/kd_fc_14x32x2_bern_deg3_alpha0.5_T2_lr0.006_wd0.0001_seed6_sca0.5_ca1.0_tree.npz
14x32x2,0.6,0.5,42,73.68,87.71,82.75,73.68,82.75,241,2.05,Adult/figure9_penalty_sweep/artifacts/kd_fc_14x32x2_bern_deg3_alpha0.5_T2_lr0.006_wd0.0001_seed6_sca0.6_ca0.5.json,Adult/figure9_penalty_sweep/artifacts/kd_fc_14x32x2_bern_deg3_alpha0.5_T2_lr0.006_wd0.0001_seed6_sca0.6_ca0.5_tree.npz
14x32x2,0.7,0.5,40,70.61,88.55,82.89,70.61,82.89,135,2.02,Adult/figure9_penalty_sweep/artifacts/kd_fc_14x32x2_bern_deg3_alpha0.5_T2_lr0.006_wd0.0001_seed6_sca0.7_ca0.5.json,Adult/figure9_penalty_sweep/artifacts/kd_fc_14x32x2_bern_deg3_alpha0.5_T2_lr0.006_wd0.0001_seed6_sca0.7_ca0.5_tree.npz
14x32x2,0.8,0.5,39,73.57,87.54,82.74,73.57,82.74,195,2.0,Adult/figure9_penalty_sweep/artifacts/kd_fc_14x32x2_bern_deg3_alpha0.5_T2_lr0.006_wd0.0001_seed6_sca0.8_ca0.5.json,Adult/figure9_penalty_sweep/artifacts/kd_fc_14x32x2_bern_deg3_alpha0.5_T2_lr0.006_wd0.0001_seed6_sca0.8_ca0.5_tree.npz
14x32x2,0.9,0.5,37,69.45,88.71,83.01,69.45,83.01,108,1.95,Adult/figure9_penalty_sweep/artifacts/kd_fc_14x32x2_bern_deg3_alpha0.5_T2_lr0.006_wd0.0001_seed6_sca0.9_ca0.5.json,Adult/figure9_penalty_sweep/artifacts/kd_fc_14x32x2_bern_deg3_alpha0.5_T2_lr0.006_wd0.0001_seed6_sca0.9_ca0.5_tree.npz
14x32x2,1.0,0.5,37,69.45,88.71,83.01,69.45,83.01,108,1.95,Adult/figure9_penalty_sweep/artifacts/kd_fc_14x32x2_bern_deg3_alpha0.5_T2_lr0.006_wd0.0001_seed6_sca1.0_ca0.5.json,Adult/figure9_penalty_sweep/artifacts/kd_fc_14x32x2_bern_deg3_alpha0.5_T2_lr0.006_wd0.0001_seed6_sca1.0_ca0.5_tree.npz
